customer_id,customer_name,customer_segment
201,Daniel Ahmed,Corporate
202,Jack Garcia,Consumer
203,Charlotte Taylor,Corporate
204,Nadia Anderson,Corporate
205,Akash Ahmed,Consumer
206,Isabella Martinez,Corporate
207,Samira Evans,Corporate
208,Nadia Khan,Consumer
209,Hasan Harris,Small Business
210,Aarav White,Small Business
211,Omar Islam,Consumer
212,Henry White,Consumer
213,Benjamin Johnson,Consumer
214,Maya Roberts,Consumer
215,Akash Walker,Consumer
216,Daniel Karim,Consumer
217,Samira Haque,Small Business
218,Nabila Hossain,Small Business
219,Imran Evans,Corporate
220,Akash Taylor,Consumer
221,Layla Anderson,Small Business
222,Charlotte Johnson,Consumer
223,Mia Davis,Consumer
224,Henry Taylor,Consumer
225,Arjun Roberts,Corporate
226,Nadia Walker,Consumer
227,Sarah Johnson,Consumer
228,Samira Garcia,Corporate
229,Amelia Garcia,Small Business
230,Liam Johnson,Consumer
231,Henry Karim,Small Business
232,Liam Evans,Corporate
233,Noah Hossain,Small Business
234,Sarah Clark,Consumer
235,Jack Walker,Corporate
236,James Walker,Corporate
237,Hasan Johnson,Consumer
238,Emma Martinez,Consumer
239,Amelia Chowdhury,Consumer
240,Fatima Wilson,Corporate
241,Rafi Anderson,Consumer
242,Rafi Lewis,Corporate
243,Samira Chowdhury,Small Business
244,Daniel Taylor,Small Business
245,John White,Corporate
246,Daniel Haque,Consumer
247,Sarah Ahmed,Small Business
248,James Martinez,Corporate
249,William Karim,Consumer
250,Leo Young,Corporate
251,Rafi Evans,Consumer
252,Fatima Miller,Small Business
253,Zara Karim,Consumer
254,Liam Martin,Consumer
255,Mia Hossain,Small Business
256,Leo Garcia,Consumer
257,Imran Anderson,Consumer
258,Thomas Young,Consumer
259,Nadia White,Consumer
260,Sophia Miller,Consumer
261,Zara Chowdhury,Corporate
262,Hannah Thomas,Consumer
263,Mia Lewis,Small Business
264,Rayan Brown,Consumer
265,Arjun Islam,Consumer
266,Hasan Garcia,Consumer
267,Arjun Hossain,Consumer
268,Lucas Anderson,Consumer
269,John Taylor,Consumer
270,Nadia Clark,Corporate
271,Imran Rahman,Consumer
272,Sophia Wilson,Consumer
273,Charlotte Brown,Corporate
274,Maya Khan,Consumer
275,Amelia Taylor,Corporate
276,Charlotte Ali,Consumer
277,Lucas Wilson,Small Business
278,Jack Evans,Consumer
279,Rayan Clark,Consumer
280,John Lewis,Consumer
281,Arjun Lewis,Small Business
282,Samira Brown,Consumer
283,Nadia Young,Consumer
284,Benjamin Karim,Corporate
285,Jack Davis,Consumer
286,Sophia Evans,Small Business
287,Amelia Davis,Consumer
288,Michael Harris,Small Business
289,Sarah Haque,Consumer
290,Samira Taylor,Corporate
291,Ethan Evans,Consumer
292,Amelia Rahman,Corporate
293,Amelia Walker,Consumer
294,Sophia Martinez,Small Business
295,Zara Davis,Consumer
296,William Anderson,Small Business
297,Arjun Taylor,Small Business
298,Noah Brown,Small Business
299,Imran Garcia,Corporate
300,Akash Roberts,Consumer
301,Hasan Rahman,Corporate
302,James Evans,Corporate
303,Liam Garcia,Consumer
304,Emma Taylor,Corporate
305,Sarah Islam,Small Business
306,Arjun Ahmed,Consumer
307,Imran Brown,Consumer
308,Henry Martinez,Consumer
309,Maya Hossain,Consumer
310,Jack Jackson,Consumer
311,Rayan Young,Corporate
312,Leo Roberts,Small Business
313,Zara Ahmed,Corporate
314,Charlotte Hossain,Consumer
315,Daniel Hossain,Consumer
316,Samira Clark,Consumer
317,Lucas Evans,Corporate
318,Thomas Harris,Small Business
319,Amelia Anderson,Corporate
320,John Ali,Consumer
321,Emma Smith,Small Business
322,Fatima Walker,Consumer
323,Omar Miller,Consumer
324,Ethan Miller,Consumer
325,Mia Rahman,Corporate
326,Omar Clark,Consumer
327,Akash Hossain,Consumer
328,Jack Taylor,Consumer
329,Samira Hossain,Small Business
330,Nabila Walker,Consumer
331,Jack Chowdhury,Consumer
332,Grace Hossain,Consumer
333,Grace Walker,Small Business
334,Olivia Wilson,Corporate
335,Jack Harris,Consumer
336,Akash Chowdhury,Consumer
337,Hannah Young,Small Business
338,Maya Haque,Small Business
339,Isabella Garcia,Consumer
340,Hannah Johnson,Consumer
341,Arjun White,Consumer
342,William Johnson,Corporate
343,Nadia Islam,Small Business
344,James Davis,Corporate
345,James Ali,Consumer
346,Omar Jackson,Corporate
347,Liam Khan,Corporate
348,William Brown,Consumer
349,Omar Ahmed,Consumer
350,Nadia Taylor,Corporate
351,Hannah Jackson,Consumer
352,Lucas Roberts,Consumer
353,Daniel Walker,Small Business
354,William Haque,Corporate
355,Layla Miller,Consumer
356,Olivia Taylor,Small Business
357,Grace Roberts,Corporate
358,Noah Miller,Small Business
359,Leo Haque,Consumer
360,Hasan Roberts,Corporate
361,Sarah Lewis,Consumer
362,Fatima Taylor,Consumer
363,William Taylor,Corporate
364,Hannah Clark,Consumer
365,Jack Martin,Corporate
366,Olivia Hossain,Corporate
367,Michael Martin,Consumer
368,Ethan Smith,Corporate
369,Charlotte White,Consumer
370,Grace Wilson,Small Business
371,Zara Lewis,Consumer
372,Jack Karim,Small Business
373,Sarah Taylor,Corporate
374,Samira Roberts,Consumer
375,Rayan Roberts,Small Business
376,William Khan,Small Business
377,Samira Lewis,Small Business
378,Sophia Lewis,Consumer
379,Jack Young,Corporate
380,Zara Martin,Corporate
381,Arjun Thomas,Consumer
382,John Islam,Consumer
383,Emma Clark,Consumer
384,Ethan Thomas,Consumer
385,Olivia Khan,Consumer
386,Sarah Khan,Consumer
387,Olivia Johnson,Small Business
388,Hasan Thomas,Consumer
389,Imran Johnson,Consumer
390,Michael Chowdhury,Small Business
391,Olivia Miller,Corporate
392,Nadia Wilson,Corporate
393,Isabella Martin,Consumer
394,Omar Martin,Consumer
395,Lucas Taylor,Corporate
396,Noah Walker,Consumer
397,Sarah Karim,Consumer
398,Nabila Miller,Consumer
399,Noah Rahman,Corporate
400,Aisha Anderson,Corporate
